title, description, privacy, id, owner, flashcardsIds
test set,for testing study use case,true,0,testUser,0,1,2,3
empty test set,for testing study use case with empty set,true,1,testUser,
csc207,flashcards for csc207,false,2,jempio,1,4,5,6,7
csc207,flashcards for csc207,false,3,jempio,1,4,5,6,7
csc207,flashcards for csc207,false,4,jempio,1,4,5,6,7
csc207,flashcards for csc207,false,5,jempio,1,4,5,6,7
csc207,flashcards for csc207,false,6,jempio,1,4,5,6,7
csc207,flashcards for csc207,false,7,jempio,1,4,5,6,7
csc207,flashcards for csc207,false,8,jempio,1,4,5,6,7

